-- Copyright (C) 2022 - present Juergen Zimmermann, Hochschule Karlsruhe
--
-- This program is free software: you can redistribute it and/or modify
-- it under the terms of the GNU General Public License as published by
-- the Free Software Foundation, either version 3 of the License, or
-- (at your option) any later version.
--
-- This program is distributed in the hope that it will be useful,
-- but WITHOUT ANY WARRANTY; without even the implied warranty of
-- MERCHANTABILITY or FITNESS FOR A PARTICULAR PURPOSE.  See the
-- GNU General Public License for more details.
--
-- You should have received a copy of the GNU General Public License
-- along with this program.  If not, see <https://www.gnu.org/licenses/>.

--  docker compose exec postgres bash
--  psql --dbname=kunde --username=kunde --file=/scripts/insert.sql

INSERT INTO login (id, username, password) VALUES (UUID_TO_BIN('30000000-0000-0000-0000-000000000000'),'admin','{argon2id}$argon2id$v=19$m=16384,t=3,p=1$iE4+NpU8xcjEu8z2YEtjYw$DbmfrGjL6ac04HGHQ0tdng6vxg3OG/A+GSY3WVUdbNU');
INSERT INTO login (id, username, password) VALUES (UUID_TO_BIN('30000000-0000-0000-0000-000000000001'),'alpha','{argon2id}$argon2id$v=19$m=16384,t=3,p=1$iE4+NpU8xcjEu8z2YEtjYw$DbmfrGjL6ac04HGHQ0tdng6vxg3OG/A+GSY3WVUdbNU');
INSERT INTO login (id, username, password) VALUES (UUID_TO_BIN('30000000-0000-0000-0000-000000000002'),'alpha2','{argon2id}$argon2id$v=19$m=16384,t=3,p=1$iE4+NpU8xcjEu8z2YEtjYw$DbmfrGjL6ac04HGHQ0tdng6vxg3OG/A+GSY3WVUdbNU');
INSERT INTO login (id, username, password) VALUES (UUID_TO_BIN('30000000-0000-0000-0000-000000000030'),'alpha3','{argon2id}$argon2id$v=19$m=16384,t=3,p=1$iE4+NpU8xcjEu8z2YEtjYw$DbmfrGjL6ac04HGHQ0tdng6vxg3OG/A+GSY3WVUdbNU');
INSERT INTO login (id, username, password) VALUES (UUID_TO_BIN('30000000-0000-0000-0000-000000000040'),'delta','{argon2id}$argon2id$v=19$m=16384,t=3,p=1$iE4+NpU8xcjEu8z2YEtjYw$DbmfrGjL6ac04HGHQ0tdng6vxg3OG/A+GSY3WVUdbNU');
INSERT INTO login (id, username, password) VALUES (UUID_TO_BIN('30000000-0000-0000-0000-000000000050'),'epsilon','{argon2id}$argon2id$v=19$m=16384,t=3,p=1$iE4+NpU8xcjEu8z2YEtjYw$DbmfrGjL6ac04HGHQ0tdng6vxg3OG/A+GSY3WVUdbNU');
INSERT INTO login (id, username, password) VALUES (UUID_TO_BIN('30000000-0000-0000-0000-000000000060'),'phi','{argon2id}$argon2id$v=19$m=16384,t=3,p=1$iE4+NpU8xcjEu8z2YEtjYw$DbmfrGjL6ac04HGHQ0tdng6vxg3OG/A+GSY3WVUdbNU');

INSERT INTO login_rollen (login_id, rolle) VALUES (UUID_TO_BIN('30000000-0000-0000-0000-000000000000'),'ADMIN');
INSERT INTO login_rollen (login_id, rolle) VALUES (UUID_TO_BIN('30000000-0000-0000-0000-000000000000'),'KUNDE');
INSERT INTO login_rollen (login_id, rolle) VALUES (UUID_TO_BIN('30000000-0000-0000-0000-000000000000'),'ACTUATOR');
INSERT INTO login_rollen (login_id, rolle) VALUES (UUID_TO_BIN('30000000-0000-0000-0000-000000000001'),'KUNDE');
INSERT INTO login_rollen (login_id, rolle) VALUES (UUID_TO_BIN('30000000-0000-0000-0000-000000000002'),'KUNDE');
INSERT INTO login_rollen (login_id, rolle) VALUES (UUID_TO_BIN('30000000-0000-0000-0000-000000000030'),'KUNDE');
INSERT INTO login_rollen (login_id, rolle) VALUES (UUID_TO_BIN('30000000-0000-0000-0000-000000000040'),'KUNDE');
INSERT INTO login_rollen (login_id, rolle) VALUES (UUID_TO_BIN('30000000-0000-0000-0000-000000000050'),'KUNDE');
INSERT INTO login_rollen (login_id, rolle) VALUES (UUID_TO_BIN('30000000-0000-0000-0000-000000000060'),'KUNDE');

INSERT INTO umsatz (id, betrag, waehrung) VALUES (UUID_TO_BIN('10000000-0000-0000-0000-000000000000'),0,'EUR');
INSERT INTO umsatz (id, betrag, waehrung) VALUES (UUID_TO_BIN('10000000-0000-0000-0000-000000000001'),10,'EUR');
INSERT INTO umsatz (id, betrag, waehrung) VALUES (UUID_TO_BIN('10000000-0000-0000-0000-000000000002'),20,'USD');
INSERT INTO umsatz (id, betrag, waehrung) VALUES (UUID_TO_BIN('10000000-0000-0000-0000-000000000030'),30,'CHF');
INSERT INTO umsatz (id, betrag, waehrung) VALUES (UUID_TO_BIN('10000000-0000-0000-0000-000000000040'),40,'GBP');

INSERT INTO adresse (id, plz, ort) VALUES (UUID_TO_BIN('20000000-0000-0000-0000-000000000000'),'00000','Aachen');
INSERT INTO adresse (id, plz, ort) VALUES (UUID_TO_BIN('20000000-0000-0000-0000-000000000001'),'11111','Augsburg');
INSERT INTO adresse (id, plz, ort) VALUES (UUID_TO_BIN('20000000-0000-0000-0000-000000000002'),'22222','Aalen');
INSERT INTO adresse (id, plz, ort) VALUES (UUID_TO_BIN('20000000-0000-0000-0000-000000000030'),'33333','Ahlen');
INSERT INTO adresse (id, plz, ort) VALUES (UUID_TO_BIN('20000000-0000-0000-0000-000000000040'),'44444','Dortmund');
INSERT INTO adresse (id, plz, ort) VALUES (UUID_TO_BIN('20000000-0000-0000-0000-000000000050'),'55555','Essen');
INSERT INTO adresse (id, plz, ort) VALUES (UUID_TO_BIN('20000000-0000-0000-0000-000000000060'),'66666','Freiburg');

-- admin
INSERT INTO kunde (id, version, nachname, email, kategorie, newsletter, geburtsdatum, homepage, geschlecht, familienstand, umsatz_id, adresse_id, username, erzeugt, aktualisiert) VALUES (UUID_TO_BIN('00000000-0000-0000-0000-000000000000'),0,'Admin','admin@acme.com',0,true,'2021-01-31','https://www.acme.com','W','VH',UUID_TO_BIN('10000000-0000-0000-0000-000000000000'),UUID_TO_BIN('20000000-0000-0000-0000-000000000000'),'admin','2021-01-31 00:00:00','2021-01-31 00:00:00');
-- HTTP GET
INSERT INTO kunde (id, version, nachname, email, kategorie, newsletter, geburtsdatum, homepage, geschlecht, familienstand, umsatz_id, adresse_id, username, erzeugt, aktualisiert) VALUES (UUID_TO_BIN('00000000-0000-0000-0000-000000000001'),0,'Alpha','alpha@acme.de',1,true,'2021-01-01','https://www.acme.de','M','L',UUID_TO_BIN('10000000-0000-0000-0000-000000000001'),UUID_TO_BIN('20000000-0000-0000-0000-000000000001'),'alpha','2021-01-01 00:00:00','2021-01-01 00:00:00');
INSERT INTO kunde (id, version, nachname, email, kategorie, newsletter, geburtsdatum, homepage, geschlecht, familienstand, umsatz_id, adresse_id, username, erzeugt, aktualisiert) VALUES (UUID_TO_BIN('00000000-0000-0000-0000-000000000002'),0,'Alpha','alpha@acme.edu',2,true,'2021-01-02','https://www.acme.edu','W','G',UUID_TO_BIN('10000000-0000-0000-0000-000000000002'),UUID_TO_BIN('20000000-0000-0000-0000-000000000002'),'alpha2','2021-01-02 00:00:00','2021-01-02 00:00:00');
-- HTTP PUT
INSERT INTO kunde (id, version, nachname, email, kategorie, newsletter, geburtsdatum, homepage, geschlecht, familienstand, umsatz_id, adresse_id, username, erzeugt, aktualisiert) VALUES (UUID_TO_BIN('00000000-0000-0000-0000-000000000030'),0,'Alpha','alpha@acme.ch',3,true,'2021-01-03','https://www.acme.ch','M','VW',UUID_TO_BIN('10000000-0000-0000-0000-000000000030'),UUID_TO_BIN('20000000-0000-0000-0000-000000000030'),'alpha3','2021-01-03 00:00:00','2021-01-03 00:00:00');
-- HTTP PATCH
INSERT INTO kunde (id, version, nachname, email, kategorie, newsletter, geburtsdatum, homepage, geschlecht, familienstand, umsatz_id, adresse_id, username, erzeugt, aktualisiert) VALUES (UUID_TO_BIN('00000000-0000-0000-0000-000000000040'),0,'Delta','delta@acme.uk',4,true,'2021-01-04','https://www.acme.uk','W','VH',UUID_TO_BIN('10000000-0000-0000-0000-000000000040'),UUID_TO_BIN('20000000-0000-0000-0000-000000000040'),'delta','2021-01-04 00:00:00','2021-01-04 00:00:00');
-- HTTP DELETE
INSERT INTO kunde (id, version, nachname, email, kategorie, newsletter, geburtsdatum, homepage, geschlecht, familienstand, umsatz_id, adresse_id, username, erzeugt, aktualisiert) VALUES (UUID_TO_BIN('00000000-0000-0000-0000-000000000050'),0,'Epsilon','epsilon@acme.jp',5,true,'2021-01-05','https://www.acme.jp','M','L',null,UUID_TO_BIN('20000000-0000-0000-0000-000000000050'),'epsilon','2021-01-05 00:00:00','2021-01-05 00:00:00');
-- zur freien Verfuegung
INSERT INTO kunde (id, version, nachname, email, kategorie, newsletter, geburtsdatum, homepage, geschlecht, familienstand, umsatz_id, adresse_id, username, erzeugt, aktualisiert) VALUES (UUID_TO_BIN('00000000-0000-0000-0000-000000000060'),0,'Phi','phi@acme.cn',6,true,'2021-01-06','https://www.acme.cn','D','L',null,UUID_TO_BIN('20000000-0000-0000-0000-000000000060'),'phi','2021-01-06 00:00:00','2021-01-06 00:00:00');

INSERT INTO kunde_interessen (kunde_id, interesse) VALUES (UUID_TO_BIN('00000000-0000-0000-0000-000000000000'),'L');
INSERT INTO kunde_interessen (kunde_id, interesse) VALUES (UUID_TO_BIN('00000000-0000-0000-0000-000000000001'),'S');
INSERT INTO kunde_interessen (kunde_id, interesse) VALUES (UUID_TO_BIN('00000000-0000-0000-0000-000000000001'),'L');
INSERT INTO kunde_interessen (kunde_id, interesse) VALUES (UUID_TO_BIN('00000000-0000-0000-0000-000000000030'),'S');
INSERT INTO kunde_interessen (kunde_id, interesse) VALUES (UUID_TO_BIN('00000000-0000-0000-0000-000000000030'),'R');
INSERT INTO kunde_interessen (kunde_id, interesse) VALUES (UUID_TO_BIN('00000000-0000-0000-0000-000000000040'),'L');
INSERT INTO kunde_interessen (kunde_id, interesse) VALUES (UUID_TO_BIN('00000000-0000-0000-0000-000000000040'),'R');
